Designator,Val,Package,Mid X,Mid Y,Rotation,Layer
BAT1,ML414,BAT_2994TR,138.2,-111.46,-90.0,top
C1,0.1u,C_0603_1608Metric_Pad1.08x0.95mm_HandSolder,196.563,-154.5,180.0,top
C10,0.1u,C_0603_1608Metric_Pad1.08x0.95mm_HandSolder,153.8125,-132.775,-90.0,top
C11,1u,C_0603_1608Metric_Pad1.08x0.95mm_HandSolder,157.0625,-135.425,0.0,top
C12,1u,C_0603_1608Metric_Pad1.08x0.95mm_HandSolder,153.725,-135.425,0.0,top
C13,33p,C_0603_1608Metric_Pad1.08x0.95mm_HandSolder,155.6125,-140.275,0.0,top
C14,1u,C_0603_1608Metric_Pad1.08x0.95mm_HandSolder,162.035,-149.75,180.0,top
C15,0.1u,C_0603_1608Metric_Pad1.08x0.95mm_HandSolder,150.4,-152.3125,90.0,top
C16,220n,C_0603_1608Metric_Pad1.08x0.95mm_HandSolder,165.335,-152.3,90.0,top
C17,10u,C_0805_2012Metric_Pad1.18x1.45mm_HandSolder,150.8,-146.7,180.0,top
C18,10u,C_0805_2012Metric_Pad1.18x1.45mm_HandSolder,150.7875,-144.7,180.0,top
C19,0.1u,C_0603_1608Metric_Pad1.08x0.95mm_HandSolder,151.0375,-148.45,180.0,top
C2,10u,C_1206_3216Metric_Pad1.33x1.80mm_HandSolder,163.1625,-129.4875,90.0,top
C20,1u,C_0603_1608Metric_Pad1.08x0.95mm_HandSolder,151.9,-152.3125,90.0,top
C21,22u,C_1210_3225Metric_Pad1.33x2.70mm_HandSolder,151.7,-118.9375,90.0,top
C22,22u,C_1210_3225Metric_Pad1.33x2.70mm_HandSolder,151.7,-123.9,-90.0,top
C23,0.1u,C_0603_1608Metric_Pad1.08x0.95mm_HandSolder,193.35,-93.4625,-90.0,top
C24,1u,C_0603_1608Metric_Pad1.08x0.95mm_HandSolder,194.85,-93.4625,-90.0,top
C25,22u,C_1210_3225Metric_Pad1.33x2.70mm_HandSolder,163.4,-123.9125,-90.0,top
C26,22u,C_1210_3225Metric_Pad1.33x2.70mm_HandSolder,163.4,-118.9375,90.0,top
C27,1u,C_0603_1608Metric_Pad1.08x0.95mm_HandSolder,152.6,-99.45,-90.0,top
C28,1u,C_0603_1608Metric_Pad1.08x0.95mm_HandSolder,151.1,-95.3125,-90.0,top
C29,1u,C_0603_1608Metric_Pad1.08x0.95mm_HandSolder,150.175,-98.55,0.0,top
C3,10u,C_0805_2012Metric_Pad1.18x1.45mm_HandSolder,199.7,-156.3,180.0,top
C30,0.1u,C_0603_1608Metric_Pad1.08x0.95mm_HandSolder,152.6,-95.3125,-90.0,top
C31,10n,C_0603_1608Metric_Pad1.08x0.95mm_HandSolder,181.0375,-108.3,0.0,top
C32,47p,C_0603_1608Metric_Pad1.08x0.95mm_HandSolder,174.3625,-106.8,0.0,top
C4,0.1u,C_0603_1608Metric_Pad1.08x0.95mm_HandSolder,199.913,-154.5,180.0,top
C5,10u,C_1206_3216Metric_Pad1.33x1.80mm_HandSolder,151.9125,-129.4875,90.0,top
C6,1u,C_0603_1608Metric_Pad1.08x0.95mm_HandSolder,153.8125,-129.45,90.0,top
C7,0.1u,C_0603_1608Metric_Pad1.08x0.95mm_HandSolder,194.85,-101.3125,-90.0,top
C8,1u,C_0603_1608Metric_Pad1.08x0.95mm_HandSolder,193.35,-101.3125,-90.0,top
C9,1u,C_0603_1608Metric_Pad1.08x0.95mm_HandSolder,161.2625,-129.45,90.0,top
CC_FLT1,LED,LED_0603_1608Metric_Pad1.05x0.95mm_HandSolder,187.65,-89.175,180.0,top
CC_FLT2,LED,LED_0603_1608Metric_Pad1.05x0.95mm_HandSolder,187.65,-97.025,180.0,top
D11,SMAF4758A,SODFL5026X125N,163.685,-147.35,0.0,top
D5,3V3,LED_0603_1608Metric_Pad1.05x0.95mm_HandSolder,137.925,-98.7,0.0,top
D6,PFLT,LED_0603_1608Metric_Pad1.05x0.95mm_HandSolder,137.975,-150.0,0.0,top
D7,5V,LED_0603_1608Metric_Pad1.05x0.95mm_HandSolder,137.925,-124.8,0.0,top
D8,!3D_FX,LED_0603_1608Metric_Pad1.05x0.95mm_HandSolder,164.225,-90.5,180.0,top
F1,+4A,Fuseholder_Blade_Mini_Keystone_3568,182.8,-130.06,-90.0,top
FB1,FerriteBead,L_0603_1608Metric_Pad1.05x0.95mm_HandSolder,151.8,-92.9,180.0,top
IC1,TCAN337DCNR,TCAN337DCNR,190.5,-101.35,180.0,top
IC2,TCAN337DCNR,TCAN337DCNR,190.5,-93.5,180.0,top
IC3,LM74502HDDFR,SOT65P280X110-8N,162.485,-152.225,180.0,top
J1,Conn_01x02,Molex_Nano-Fit_105309-xx02_1x02_P2.50mm_Vertical,183.95,-158.355,-90.0,top
J10,Conn_02x04_Top_Bottom,Molex_Nano-Fit_105310-xx08_2x04_P2.50mm_Vertical,171.325,-156.995,-90.0,top
J11,GPS_I2C,PinHeader_1x03_P2.54mm_Vertical,165.94,-110.5,90.0,top
J13,Conn_02x03_Top_Bottom,Molex_Nano-Fit_105310-xx06_2x03_P2.50mm_Vertical,146.5,-156.98,-90.0,top
J2,RFPC-SMA28-F,GRADCONN_RFPC-SMA28-F,177.802201,-114.444906,0.0,top
J4,Conn_02x06_Counter_Clockwise,PinHeader_2x06_P2.54mm_Vertical,198.73,-117.85,180.0,top
J5,Conn_01x04,Molex_Nano-Fit_105310-xx04_2x02_P2.50mm_Vertical,183.95,-147.12,-90.0,top
J6,To The Zedboard,2x6PmodConnectorWithZedboard,198.87,-140.95,180.0,top
J8,Conn_02x06_Odd_Even,PinHeader_2x06_P2.54mm_Vertical,198.72,-94.85,0.0,top
L1,WE-XHMI_7070,WE-XHMI_7070,157.5625,-123.675,0.0,top
L2,33n,L_0603_1608Metric_Pad1.05x0.95mm_HandSolder,177.725,-106.8,180.0,top
LVPWR1,LED,LED_0603_1608Metric_Pad1.05x0.95mm_HandSolder,165.335,-144.95,180.0,top
Q5,NVMFWS1D7N04XMT1G,NVMFWS3D0P04M8LT1G,156.54,-156.5,180.0,top
Q6,NVMFWS1D7N04XMT1G,NVMFWS3D0P04M8LT1G,156.54,-148.0,0.0,top
R1,10k,R_0603_1608Metric_Pad0.98x0.95mm_HandSolder,190.95,-98.825,180.0,top
R10,10k,R_0603_1608Metric_Pad0.98x0.95mm_HandSolder,190.95,-90.975,180.0,top
R11,120,R_0603_1608Metric_Pad0.98x0.95mm_HandSolder,187.6375,-90.975,180.0,top
R12,120,R_0603_1608Metric_Pad0.98x0.95mm_HandSolder,185.15,-90.075,-90.0,top
R19,120,R_0603_1608Metric_Pad0.98x0.95mm_HandSolder,141.275,-98.7,180.0,top
R2,120,R_0603_1608Metric_Pad0.98x0.95mm_HandSolder,187.6375,-98.825,180.0,top
R20,4.3k,R_0603_1608Metric_Pad0.98x0.95mm_HandSolder,141.275,-150.0,180.0,top
R21,768,R_0603_1608Metric_Pad0.98x0.95mm_HandSolder,141.275,-124.8,180.0,top
R22,~,R_0603_1608Metric_Pad0.98x0.95mm_HandSolder,153.725,-136.95,180.0,top
R23,100K,R_0603_1608Metric_Pad0.98x0.95mm_HandSolder,159.525,-139.375,-90.0,top
R24,1k,R_0603_1608Metric_Pad0.98x0.95mm_HandSolder,150.1875,-100.35,180.0,top
R25,10k,R_0603_1608Metric_Pad0.98x0.95mm_HandSolder,149.6,-95.3,90.0,top
R26,1k,R_0603_1608Metric_Pad0.98x0.95mm_HandSolder,160.9,-90.5,0.0,top
R27,10k,R_0603_1608Metric_Pad0.98x0.95mm_HandSolder,173.55,-100.75,180.0,top
R28,10k,R_0603_1608Metric_Pad0.98x0.95mm_HandSolder,173.55,-102.25,180.0,top
R29,10k,R_0603_1608Metric_Pad0.98x0.95mm_HandSolder,162.9225,-154.7,0.0,top
R3,120,R_0603_1608Metric_Pad0.98x0.95mm_HandSolder,185.15,-97.925,-90.0,top
R30,9k,R_0603_1608Metric_Pad0.98x0.95mm_HandSolder,165.335,-149.75,180.0,top
R31,200k,R_0603_1608Metric_Pad0.98x0.95mm_HandSolder,166.835,-152.3,90.0,top
R32,4.3k,R_0603_1608Metric_Pad0.98x0.95mm_HandSolder,162.035,-144.95,0.0,top
R33,0,R_0603_1608Metric_Pad0.98x0.95mm_HandSolder,163.8625,-138.185,0.0,top
R34,~,R_0603_1608Metric_Pad0.98x0.95mm_HandSolder,163.8625,-136.675,0.0,top
R35,0,R_0603_1608Metric_Pad0.98x0.95mm_HandSolder,163.8625,-133.715,0.0,top
R36,~,R_0603_1608Metric_Pad0.98x0.95mm_HandSolder,163.8625,-135.175,180.0,top
R37,100K,R_0603_1608Metric_Pad0.98x0.95mm_HandSolder,155.6,-138.475,180.0,top
R38,9.09K,R_0603_1608Metric_Pad0.98x0.95mm_HandSolder,157.0625,-136.925,0.0,top
R39,4.99K,R_0603_1608Metric_Pad0.98x0.95mm_HandSolder,158.0125,-139.375,90.0,top
R40,10,R_0603_1608Metric_Pad0.98x0.95mm_HandSolder,181.0375,-106.8,180.0,top
SW4,GPS_RESET,SW_SPST_B3SL-1002P,148.725,-104.85,180.0,top
U1,ASM330LHHTR,LSM6DS3USTR,199.05,-151.45,0.0,top
U2,CDSOT23-T24CAN,CDSOT23-T24CAN,186.4,-101.375,180.0,top
U3,LM61495RPHR,LM61495RPHR,157.5625,-131.188,0.0,top
U7,CDSOT23-T24CAN,CDSOT23-T24CAN,186.4,-93.525,180.0,top
U9,PA1616S_GPS,PA1616S_ADA,162.55,-100.05,0.0,top
