{
  "id": 7303580,
  "name": "Protect Main",
  "target": "branch",
  "source_type": "Repository",
  "source": "lhr-solar/KiCAD-Sharepoint",
  "enforcement": "active",
  "conditions": {
    "ref_name": {
      "exclude": [],
      "include": [
        "~DEFAULT_BRANCH"
      ]
    }
  },
  "rules": [
    {
      "type": "deletion"
    },
    {
      "type": "non_fast_forward"
    },
    {
      "type": "pull_request",
      "parameters": {
        "required_approving_review_count": 1,
        "dismiss_stale_reviews_on_push": false,
        "require_code_owner_review": false,
        "require_last_push_approval": false,
        "required_review_thread_resolution": false,
        "automatic_copilot_code_review_enabled": false,
        "allowed_merge_methods": [
          "squash"
        ]
      }
    }
  ],
  "bypass_actors": [
    {
      "actor_id": null,
      "actor_type": "OrganizationAdmin",
      "bypass_mode": "always"
    }
  ]
}